,game_id,title,release_date,price,rating_inPercent,url
0,1426210,It Takes Two,"25 Mar, 2021",2499.0,95.0,https://store.steampowered.com/app/1426210/It_Takes_Two/?snr=1_7_7_globaltopsellers_150_1
1,1172470,Apex Legends™,"4 Nov, 2020",0.0,90.0,https://store.steampowered.com/app/1172470/Apex_Legends/?snr=1_7_7_globaltopsellers_150_1
2,1085660,Destiny 2,"1 Oct, 2019",0.0,85.0,https://store.steampowered.com/app/1085660/Destiny_2/?snr=1_7_7_globaltopsellers_150_1
3,1056640,Phantasy Star Online 2 New Genesis,"5 Aug, 2020",0.0,80.0,https://store.steampowered.com/app/1056640/Phantasy_Star_Online_2_New_Genesis/?snr=1_7_7_globaltopsellers_150_1
4,252490,Rust,"8 Feb, 2018",725.0,86.0,https://store.steampowered.com/app/252490/Rust/?snr=1_7_7_globaltopsellers_150_1
5,381210,Dead by Daylight,"14 Jun, 2016",499.0,82.0,https://store.steampowered.com/app/381210/Dead_by_Daylight/?snr=1_7_7_globaltopsellers_150_1
6,892970,Valheim,"2 Feb, 2021",435.0,96.0,https://store.steampowered.com/app/892970/Valheim/?snr=1_7_7_globaltopsellers_150_1
7,739630,Phasmophobia,"18 Sep, 2020",309.0,97.0,https://store.steampowered.com/app/739630/Phasmophobia/?snr=1_7_7_globaltopsellers_150_1
8,552990,World of Warships,"15 Nov, 2017",0.0,81.0,https://store.steampowered.com/app/552990/World_of_Warships/?snr=1_7_7_globaltopsellers_150_1
9,1097150,Fall Guys: Ultimate Knockout,"3 Aug, 2020",465.0,83.0,https://store.steampowered.com/app/1097150/Fall_Guys_Ultimate_Knockout/?snr=1_7_7_globaltopsellers_150_1
10,1086940,Baldur's Gate 3,"6 Oct, 2020",1999.0,88.0,https://store.steampowered.com/app/1086940/Baldurs_Gate_3/?snr=1_7_7_globaltopsellers_150_1
11,594650,Hunt: Showdown,"27 Aug, 2019",1349.0,83.0,https://store.steampowered.com/app/594650/Hunt_Showdown/?snr=1_7_7_globaltopsellers_150_1
12,1377580,Soulworker,"12 May, 2021",0.0,77.0,https://store.steampowered.com/app/1377580/Soulworker/?snr=1_7_7_globaltopsellers_150_1
13,239140,Dying Light,"27 May, 2021",1099.0,95.0,https://store.steampowered.com/app/239140/Dying_Light/?snr=1_7_7_globaltopsellers_150_1
14,1465360,SnowRunner,"17 May, 2021",1199.0,84.0,https://store.steampowered.com/app/1465360/SnowRunner/?snr=1_7_7_globaltopsellers_150_1
15,945360,Among Us,"16 Nov, 2018",133.0,93.0,https://store.steampowered.com/app/945360/Among_Us/?snr=1_7_7_globaltopsellers_150_1
16,1335790,Operation: Tango,"1 Jun, 2021",435.0,89.0,https://store.steampowered.com/app/1335790/Operation_Tango/?snr=1_7_7_globaltopsellers_150_1
17,1359090,Zero Hour,"12 Aug, 2020",289.0,81.0,https://store.steampowered.com/app/1359090/Zero_Hour/?snr=1_7_7_globaltopsellers_150_1
18,435150,Divinity: Original Sin 2 - Definitive Edition,"14 Sep, 2017",799.0,95.0,https://store.steampowered.com/app/435150/Divinity_Original_Sin_2__Definitive_Edition/?snr=1_7_7_globaltopsellers_150_1
19,286160,Tabletop Simulator,"5 Jun, 2015",419.0,95.0,https://store.steampowered.com/app/286160/Tabletop_Simulator/?snr=1_7_7_globaltopsellers_150_1
20,8500,EVE Online,"15 Dec, 2010",0.0,76.0,https://store.steampowered.com/app/8500/EVE_Online/?snr=1_7_7_globaltopsellers_150_1
21,1520470,封灵档案,"29 Mar, 2021",0.0,67.0,https://store.steampowered.com/app/1520470/_/?snr=1_7_7_globaltopsellers_150_1
22,720620,TaleSpire,"14 Apr, 2021",465.0,95.0,https://store.steampowered.com/app/720620/TaleSpire/?snr=1_7_7_globaltopsellers_150_1
23,620,Portal 2,"18 Apr, 2011",259.0,98.0,https://store.steampowered.com/app/620/Portal_2/?snr=1_7_7_globaltopsellers_150_1
24,581320,Insurgency: Sandstorm,"12 Dec, 2018",999.0,85.0,https://store.steampowered.com/app/581320/Insurgency_Sandstorm/?snr=1_7_7_globaltopsellers_150_1
25,493520,GTFO,"9 Dec, 2019",1199.0,88.0,https://store.steampowered.com/app/493520/GTFO/?snr=1_7_7_globaltopsellers_150_1
26,386180,Crossout,"26 Jul, 2017",0.0,76.0,https://store.steampowered.com/app/386180/Crossout/?snr=1_7_7_globaltopsellers_150_1
27,836620,Black Desert,"25 Jul, 2019",350.0,69.0,https://store.steampowered.com/app/836620/Black_Desert/?snr=1_7_7_globaltopsellers_150_1
28,200210,Realm of the Mad God Exalt,"20 Feb, 2012",0.0,84.0,https://store.steampowered.com/app/200210/Realm_of_the_Mad_God_Exalt/?snr=1_7_7_globaltopsellers_150_1
29,495420,State of Decay 2: Juggernaut Edition,"13 Mar, 2020",599.0,78.0,https://store.steampowered.com/app/495420/State_of_Decay_2_Juggernaut_Edition/?snr=1_7_7_globaltopsellers_150_1
30,438100,VRChat,"1 Feb, 2017",0.0,90.0,https://store.steampowered.com/app/438100/VRChat/?snr=1_7_7_globaltopsellers_150_1
31,761010,Wave Break,"11 Jun, 2021",515.0,91.0,https://store.steampowered.com/app/761010/Wave_Break/?snr=1_7_7_globaltopsellers_150_1
32,291480,Warface,"1 Jul, 2014",0.0,68.0,https://store.steampowered.com/app/291480/Warface/?snr=1_7_7_globaltopsellers_150_1
33,629760,MORDHAU,"29 Apr, 2019",515.0,82.0,https://store.steampowered.com/app/629760/MORDHAU/?snr=1_7_7_globaltopsellers_150_1
34,527230,For The King,"19 Apr, 2018",435.0,88.0,https://store.steampowered.com/app/527230/For_The_King/?snr=1_7_7_globaltopsellers_150_1
35,745920,Temtem,"21 Jan, 2020",1219.0,87.0,https://store.steampowered.com/app/745920/Temtem/?snr=1_7_7_globaltopsellers_150_1
36,1571440,Lunch Lady,"15 Apr, 2021",133.0,83.0,https://store.steampowered.com/app/1571440/Lunch_Lady/?snr=1_7_7_globaltopsellers_150_1
37,512900,Streets of Rogue,"12 Jul, 2019",435.0,96.0,https://store.steampowered.com/app/512900/Streets_of_Rogue/?snr=1_7_7_globaltopsellers_150_1
38,1418630,Dread Hunger,"22 Apr, 2021",695.0,87.0,https://store.steampowered.com/app/1418630/Dread_Hunger/?snr=1_7_7_globaltopsellers_150_1
39,1368910,Super Mecha Champions,"25 Mar, 2021",0.0,70.0,https://store.steampowered.com/app/1368910/Super_Mecha_Champions/?snr=1_7_7_globaltopsellers_150_1
40,632300,Hobo: Tough Life,"12 Apr, 2021",465.0,79.0,https://store.steampowered.com/app/632300/Hobo_Tough_Life/?snr=1_7_7_globaltopsellers_150_1
41,843380,Super Animal Royale,"12 Dec, 2018",-1.0,95.0,https://store.steampowered.com/app/843380/Super_Animal_Royale/?snr=1_7_7_globaltopsellers_150_1
42,386940,Ultimate Chicken Horse,"4 Mar, 2016",349.0,96.0,https://store.steampowered.com/app/386940/Ultimate_Chicken_Horse/?snr=1_7_7_globaltopsellers_150_1
43,1483870,Draw & Guess,"12 Mar, 2021",82.0,78.0,https://store.steampowered.com/app/1483870/Draw__Guess/?snr=1_7_7_globaltopsellers_150_1
44,201270,Total War: SHOGUN 2,"14 Mar, 2011",1249.0,91.0,https://store.steampowered.com/app/201270/Total_War_SHOGUN_2/?snr=1_7_7_globaltopsellers_150_1
45,204360,Castle Crashers®,"26 Sep, 2012",449.0,96.0,https://store.steampowered.com/app/204360/Castle_Crashers/?snr=1_7_7_globaltopsellers_150_1
46,1016120,PGA TOUR 2K21,"20 Aug, 2020",2499.0,83.0,https://store.steampowered.com/app/1016120/PGA_TOUR_2K21/?snr=1_7_7_globaltopsellers_150_1
47,211820,Starbound,"22 Jul, 2016",299.0,91.0,https://store.steampowered.com/app/211820/Starbound/?snr=1_7_7_globaltopsellers_150_1
48,567630,Blood of Steel,"20 Oct, 2020",0.0,80.0,https://store.steampowered.com/app/567630/Blood_of_Steel/?snr=1_7_7_globaltopsellers_150_1
49,673750,Super Bunny Man,"31 Aug, 2017",372.0,88.0,https://store.steampowered.com/app/673750/Super_Bunny_Man/?snr=1_7_7_globaltopsellers_150_1
50,844870,KurtzPel,"30 Apr, 2019",0.0,63.0,https://store.steampowered.com/app/844870/KurtzPel/?snr=1_7_7_globaltopsellers_150_1
51,573090,Stormworks: Build and Rescue,"17 Sep, 2020",465.0,92.0,https://store.steampowered.com/app/573090/Stormworks_Build_and_Rescue/?snr=1_7_7_globaltopsellers_150_1
52,1475570,Shadowbane,"5 Feb, 2021",269.0,68.0,https://store.steampowered.com/app/1475570/Shadowbane/?snr=1_7_7_globaltopsellers_150_1
53,24200,DC Universe™ Online,"2 Nov, 2011",0.0,79.0,https://store.steampowered.com/app/24200/DC_Universe_Online/?snr=1_7_7_globaltopsellers_150_1
54,927350,Hood: Outlaws & Legends,"10 May, 2021",1199.0,58.0,https://store.steampowered.com/app/927350/Hood_Outlaws__Legends/?snr=1_7_7_globaltopsellers_150_1
55,443110,Armored Warfare,"17 Nov, 2017",0.0,67.0,https://store.steampowered.com/app/443110/Armored_Warfare/?snr=1_7_7_globaltopsellers_150_1
56,585420,Trailmakers,"18 Sep, 2019",465.0,91.0,https://store.steampowered.com/app/585420/Trailmakers/?snr=1_7_7_globaltopsellers_150_1
57,1377380,Night of the Dead,"27 Aug, 2020",465.0,83.0,https://store.steampowered.com/app/1377380/Night_of_the_Dead/?snr=1_7_7_globaltopsellers_150_1
58,865360,We Were Here Together,"10 Oct, 2019",299.0,87.0,https://store.steampowered.com/app/865360/We_Were_Here_Together/?snr=1_7_7_globaltopsellers_150_1
59,227940,Heroes & Generals,"18 Oct, 2016",0.0,67.0,https://store.steampowered.com/app/227940/Heroes__Generals/?snr=1_7_7_globaltopsellers_150_1
60,1016920,Unrailed!,"23 Sep, 2020",549.0,93.0,https://store.steampowered.com/app/1016920/Unrailed/?snr=1_7_7_globaltopsellers_150_1
61,859570,Secret Neighbor: Hello Neighbor Multiplayer,"24 Oct, 2019",499.0,89.0,https://store.steampowered.com/app/859570/Secret_Neighbor_Hello_Neighbor_Multiplayer/?snr=1_7_7_globaltopsellers_150_1
62,953880,First Class Trouble,"8 Apr, 2021",570.0,84.0,https://store.steampowered.com/app/953880/First_Class_Trouble/?snr=1_7_7_globaltopsellers_150_1
63,808290,Runes of Magic,"29 Aug, 2018",0.0,63.0,https://store.steampowered.com/app/808290/Runes_of_Magic/?snr=1_7_7_globaltopsellers_150_1
64,1484280,Demeo,"6 May, 2021",515.0,90.0,https://store.steampowered.com/app/1484280/Demeo/?snr=1_7_7_globaltopsellers_150_1
65,327070,Gloria Victis: Medieval MMORPG,"9 Jun, 2016",799.0,70.0,https://store.steampowered.com/app/327070/Gloria_Victis_Medieval_MMORPG/?snr=1_7_7_globaltopsellers_150_1
66,212740,TERA - Action MMORPG,"31 Jan, 2017",0.0,78.0,https://store.steampowered.com/app/212740/TERA__Action_MMORPG/?snr=1_7_7_globaltopsellers_150_1
67,311310,Naval Action,"13 Jun, 2019",435.0,63.0,https://store.steampowered.com/app/311310/Naval_Action/?snr=1_7_7_globaltopsellers_150_1
68,1419170,My Singing Monsters,"24 Mar, 2021",0.0,92.0,https://store.steampowered.com/app/1419170/My_Singing_Monsters/?snr=1_7_7_globaltopsellers_150_1
69,1385380,Across the Obelisk,"8 Apr, 2021",399.0,91.0,https://store.steampowered.com/app/1385380/Across_the_Obelisk/?snr=1_7_7_globaltopsellers_150_1
70,991780,探灵笔记/拾遗记-1V5(Notes of Soul),"17 Jan, 2019",800.0,75.0,https://store.steampowered.com/app/991780/1V5Notes_of_Soul/?snr=1_7_7_globaltopsellers_150_1
71,907650,Stronghold: Warlords,"9 Mar, 2021",1299.0,62.0,https://store.steampowered.com/app/907650/Stronghold_Warlords/?snr=1_7_7_globaltopsellers_150_1
72,1222800,VALKYRIE CONNECT,"2 Apr, 2020",0.0,80.0,https://store.steampowered.com/app/1222800/VALKYRIE_CONNECT/?snr=1_7_7_globaltopsellers_150_1
73,1071870,Biped,"26 Mar, 2020",460.0,92.0,https://store.steampowered.com/app/1071870/Biped/?snr=1_7_7_globaltopsellers_150_1
74,1509960,PICO PARK,"7 May, 2021",133.0,92.0,https://store.steampowered.com/app/1509960/PICO_PARK/?snr=1_7_7_globaltopsellers_150_1
75,1090630,Granblue Fantasy: Versus,"13 Mar, 2020",1085.0,83.0,https://store.steampowered.com/app/1090630/Granblue_Fantasy_Versus/?snr=1_7_7_globaltopsellers_150_1
76,1183940,Scavengers,"1 May, 2021",0.0,56.0,https://store.steampowered.com/app/1183940/Scavengers/?snr=1_7_7_globaltopsellers_150_1
77,985890,Streets of Rage 4,"30 Apr, 2020",465.0,91.0,https://store.steampowered.com/app/985890/Streets_of_Rage_4/?snr=1_7_7_globaltopsellers_150_1
78,1379130,League of Angels-Heaven's Fury,"3 Sep, 2020",0.0,61.0,https://store.steampowered.com/app/1379130/League_of_AngelsHeavens_Fury/?snr=1_7_7_globaltopsellers_150_1
79,1526490,恐惧之间 Fear surrounds,"25 Feb, 2021",195.0,89.0,https://store.steampowered.com/app/1526490/_Fear_surrounds/?snr=1_7_7_globaltopsellers_150_1
80,951440,Volcanoids,"29 Jan, 2019",435.0,85.0,https://store.steampowered.com/app/951440/Volcanoids/?snr=1_7_7_globaltopsellers_150_1
81,774861,Project Winter,"23 May, 2019",435.0,86.0,https://store.steampowered.com/app/774861/Project_Winter/?snr=1_7_7_globaltopsellers_150_1
82,439350,Kritika:REBOOT,"11 Nov, 2019",0.0,76.0,https://store.steampowered.com/app/439350/KritikaREBOOT/?snr=1_7_7_globaltopsellers_150_1
83,394510,HELLDIVERS™ Dive Harder Edition,"7 Dec, 2015",699.0,92.0,https://store.steampowered.com/app/394510/HELLDIVERS_Dive_Harder_Edition/?snr=1_7_7_globaltopsellers_150_1
84,677160,We Were Here Too,"2 Feb, 2018",259.0,79.0,https://store.steampowered.com/app/677160/We_Were_Here_Too/?snr=1_7_7_globaltopsellers_150_1
85,1292630,3on3 FreeStyle: Rebound,"14 Jul, 2020",0.0,56.0,https://store.steampowered.com/app/1292630/3on3_FreeStyle_Rebound/?snr=1_7_7_globaltopsellers_150_1
86,1196310,Fantasy Grounds Unity,"5 Nov, 2020",725.0,89.0,https://store.steampowered.com/app/1196310/Fantasy_Grounds_Unity/?snr=1_7_7_globaltopsellers_150_1
87,550470,NosTale - Anime MMORPG,"18 Sep, 2017",0.0,71.0,https://store.steampowered.com/app/550470/NosTale__Anime_MMORPG/?snr=1_7_7_globaltopsellers_150_1
88,1056600,Home Sweet Home : Survive,"25 Mar, 2021",175.0,59.0,https://store.steampowered.com/app/1056600/Home_Sweet_Home__Survive/?snr=1_7_7_globaltopsellers_150_1
89,1140620,CosmicBreak Universal,"6 Apr, 2021",0.0,59.0,https://store.steampowered.com/app/1140620/CosmicBreak_Universal/?snr=1_7_7_globaltopsellers_150_1
90,666860,Bit Heroes,"13 Dec, 2017",0.0,79.0,https://store.steampowered.com/app/666860/Bit_Heroes/?snr=1_7_7_globaltopsellers_150_1
91,1563940,Atlantica Europe,"20 May, 2021",0.0,56.0,https://store.steampowered.com/app/1563940/Atlantica_Europe/?snr=1_7_7_globaltopsellers_150_1
92,1024380,Second Extinction™,"13 Oct, 2020",465.0,74.0,https://store.steampowered.com/app/1024380/Second_Extinction/?snr=1_7_7_globaltopsellers_150_1
93,274190,Broforce,"15 Oct, 2015",299.0,97.0,https://store.steampowered.com/app/274190/Broforce/?snr=1_7_7_globaltopsellers_150_1
94,394690,Tower Unite,"8 Apr, 2016",435.0,88.0,https://store.steampowered.com/app/394690/Tower_Unite/?snr=1_7_7_globaltopsellers_150_1
95,204880,Sins of a Solar Empire®: Rebellion,"12 Jun, 2012",725.0,93.0,https://store.steampowered.com/app/204880/Sins_of_a_Solar_Empire_Rebellion/?snr=1_7_7_globaltopsellers_150_2
96,722180,SURV1V3,"29 Jan, 2018",465.0,85.0,https://store.steampowered.com/app/722180/SURV1V3/?snr=1_7_7_globaltopsellers_150_2
97,1526520,大秦帝国,"17 May, 2021",0.0,84.0,https://store.steampowered.com/app/1526520/_/?snr=1_7_7_globaltopsellers_150_2
98,978300,Saints Row®: The Third™ Remastered,"21 May, 2021",1599.0,56.0,https://store.steampowered.com/app/978300/Saints_Row_The_Third_Remastered/?snr=1_7_7_globaltopsellers_150_2
99,1352080,SMASH LEGENDS,"12 Apr, 2021",0.0,62.0,https://store.steampowered.com/app/1352080/SMASH_LEGENDS/?snr=1_7_7_globaltopsellers_150_2
100,544550,Stationeers,"12 Dec, 2017",399.0,84.0,https://store.steampowered.com/app/544550/Stationeers/?snr=1_7_7_globaltopsellers_150_2
101,1011670,Totally Reliable Delivery Service,"1 Apr, 2021",360.0,69.0,https://store.steampowered.com/app/1011670/Totally_Reliable_Delivery_Service/?snr=1_7_7_globaltopsellers_150_2
102,1211020,Wobbly Life,"8 Jul, 2020",269.0,97.0,https://store.steampowered.com/app/1211020/Wobbly_Life/?snr=1_7_7_globaltopsellers_150_2
103,784950,CONFLICT OF NATIONS: WORLD WAR 3,"15 Mar, 2018",0.0,70.0,https://store.steampowered.com/app/784950/CONFLICT_OF_NATIONS_WORLD_WAR_3/?snr=1_7_7_globaltopsellers_150_2
104,268650,From the Depths,"6 Nov, 2020",465.0,90.0,https://store.steampowered.com/app/268650/From_the_Depths/?snr=1_7_7_globaltopsellers_150_2
105,1305420,Agrou,"25 Jul, 2020",133.0,89.0,https://store.steampowered.com/app/1305420/Agrou/?snr=1_7_7_globaltopsellers_150_2
106,829590,CryoFall,"29 Apr, 2021",495.0,79.0,https://store.steampowered.com/app/829590/CryoFall/?snr=1_7_7_globaltopsellers_150_2
107,744900,Dead Frontier 2,"15 Jul, 2019",0.0,71.0,https://store.steampowered.com/app/744900/Dead_Frontier_2/?snr=1_7_7_globaltopsellers_150_2
108,378760,Pixel Starships,"1 May, 2020",0.0,71.0,https://store.steampowered.com/app/378760/Pixel_Starships/?snr=1_7_7_globaltopsellers_150_2
109,1028630,Cricket 19,"30 Jul, 2019",825.0,89.0,https://store.steampowered.com/app/1028630/Cricket_19/?snr=1_7_7_globaltopsellers_150_2
110,414767,DYNASTY WARRIORS 9 Complete Edition / 真・三國無双８ オールシーズンパスエディション,"4 Dec, 2019",1449.0,34.0,https://store.steampowered.com/sub/414767/?snr=1_7_7_globaltopsellers_150_2
111,790710,World of Warplanes,"12 Sep, 2018",0.0,74.0,https://store.steampowered.com/app/790710/World_of_Warplanes/?snr=1_7_7_globaltopsellers_150_2
112,774241,Warhammer: Chaosbane,"31 May, 2019",1135.0,54.0,https://store.steampowered.com/app/774241/Warhammer_Chaosbane/?snr=1_7_7_globaltopsellers_150_2
113,1054490,Wingspan,"17 Sep, 2020",465.0,94.0,https://store.steampowered.com/app/1054490/Wingspan/?snr=1_7_7_globaltopsellers_150_2
114,215280,Secret World Legends,"31 Jul, 2017",0.0,67.0,https://store.steampowered.com/app/215280/Secret_World_Legends/?snr=1_7_7_globaltopsellers_150_2
115,1568590,Goose Goose Duck,"29 Apr, 2021",0.0,88.0,https://store.steampowered.com/app/1568590/Goose_Goose_Duck/?snr=1_7_7_globaltopsellers_150_2
116,1182020,WGT Golf,"13 Apr, 2020",0.0,61.0,https://store.steampowered.com/app/1182020/WGT_Golf/?snr=1_7_7_globaltopsellers_150_2
117,840260,Endless World Idle RPG,"5 Dec, 2019",0.0,79.0,https://store.steampowered.com/app/840260/Endless_World_Idle_RPG/?snr=1_7_7_globaltopsellers_150_2
118,226860,Galactic Civilizations III,"24 Oct, 2019",465.0,77.0,https://store.steampowered.com/app/226860/Galactic_Civilizations_III/?snr=1_7_7_globaltopsellers_150_2
119,1232420,Atlantica Global,"14 May, 2020",0.0,67.0,https://store.steampowered.com/app/1232420/Atlantica_Global/?snr=1_7_7_globaltopsellers_150_2
120,527100,Star Trek™: Bridge Crew,"30 May, 2017",1039.0,78.0,https://store.steampowered.com/app/527100/Star_Trek_Bridge_Crew/?snr=1_7_7_globaltopsellers_150_2
121,588190,Tower!3D Pro,"8 Mar, 2017",899.0,67.0,https://store.steampowered.com/app/588190/Tower3D_Pro/?snr=1_7_7_globaltopsellers_150_2
122,613900,Museum of Other Realities,"26 Feb, 2020",0.0,98.0,https://store.steampowered.com/app/613900/Museum_of_Other_Realities/?snr=1_7_7_globaltopsellers_150_2
123,429790,AdventureQuest 3D,"19 Oct, 2016",0.0,79.0,https://store.steampowered.com/app/429790/AdventureQuest_3D/?snr=1_7_7_globaltopsellers_150_2
124,1412470,GranAge,"29 Dec, 2020",0.0,74.0,https://store.steampowered.com/app/1412470/GranAge/?snr=1_7_7_globaltopsellers_150_2
125,307110,We Need To Go Deeper,"1 Aug, 2019",372.0,86.0,https://store.steampowered.com/app/307110/We_Need_To_Go_Deeper/?snr=1_7_7_globaltopsellers_150_2
126,835650,Rising Lords,"27 May, 2020",435.0,73.0,https://store.steampowered.com/app/835650/Rising_Lords/?snr=1_7_7_globaltopsellers_150_2
127,321360,Primal Carnage: Extinction,"3 Apr, 2015",289.0,81.0,https://store.steampowered.com/app/321360/Primal_Carnage_Extinction/?snr=1_7_7_globaltopsellers_150_2
128,1178220,ICBM,"17 Nov, 2020",435.0,93.0,https://store.steampowered.com/app/1178220/ICBM/?snr=1_7_7_globaltopsellers_150_2
129,790740,Tick Tock: A Tale for Two,"7 Mar, 2019",154.0,89.0,https://store.steampowered.com/app/790740/Tick_Tock_A_Tale_for_Two/?snr=1_7_7_globaltopsellers_150_2
130,611160,Karnage Chronicles,"31 Jul, 2020",449.0,89.0,https://store.steampowered.com/app/611160/Karnage_Chronicles/?snr=1_7_7_globaltopsellers_150_2
131,1209040,Cyber Hunter,"18 Jun, 2020",0.0,76.0,https://store.steampowered.com/app/1209040/Cyber_Hunter/?snr=1_7_7_globaltopsellers_150_2
132,1054510,Survivalist: Invisible Strain,"1 Jun, 2020",175.0,89.0,https://store.steampowered.com/app/1054510/Survivalist_Invisible_Strain/?snr=1_7_7_globaltopsellers_150_2
133,599080,The Blackout Club,"29 Jul, 2019",515.0,83.0,https://store.steampowered.com/app/599080/The_Blackout_Club/?snr=1_7_7_globaltopsellers_150_2
134,1338610,Guardian Chronicle,"24 Mar, 2021",0.0,64.0,https://store.steampowered.com/app/1338610/Guardian_Chronicle/?snr=1_7_7_globaltopsellers_150_2
135,898920,Axis & Allies 1942 Online,"31 Jul, 2019",435.0,76.0,https://store.steampowered.com/app/898920/Axis__Allies_1942_Online/?snr=1_7_7_globaltopsellers_150_2
136,1179680,Wurm Online,"24 Jul, 2020",0.0,59.0,https://store.steampowered.com/app/1179680/Wurm_Online/?snr=1_7_7_globaltopsellers_150_2
137,215080,WAKFU,"18 Sep, 2014",0.0,76.0,https://store.steampowered.com/app/215080/WAKFU/?snr=1_7_7_globaltopsellers_150_2
138,375115,Sins of a Solar Empire® - Ultimate Edition,"19 Jun, 2019",1239.0,92.0,https://store.steampowered.com/sub/375115/?snr=1_7_7_globaltopsellers_150_2
139,269770,Secrets of Grindea,"13 Jul, 2015",349.0,91.0,https://store.steampowered.com/app/269770/Secrets_of_Grindea/?snr=1_7_7_globaltopsellers_150_2
140,957790,WAR DUST | 32 vs 32 Battles,"6 May, 2020",465.0,77.0,https://store.steampowered.com/app/957790/WAR_DUST__32_vs_32_Battles/?snr=1_7_7_globaltopsellers_150_2
141,555570,Infestation: The New Z,"22 Nov, 2016",0.0,52.0,https://store.steampowered.com/app/555570/Infestation_The_New_Z/?snr=1_7_7_globaltopsellers_150_2
142,522230,The Fishing Club 3D,"23 Mar, 2017",0.0,72.0,https://store.steampowered.com/app/522230/The_Fishing_Club_3D/?snr=1_7_7_globaltopsellers_150_2
143,1562260,Camping Simulator: The Squad,"28 May, 2021",133.0,75.0,https://store.steampowered.com/app/1562260/Camping_Simulator_The_Squad/?snr=1_7_7_globaltopsellers_150_2
144,721030,La Tale - Evolved,"29 Nov, 2017",0.0,55.0,https://store.steampowered.com/app/721030/La_Tale__Evolved/?snr=1_7_7_globaltopsellers_150_2
145,1029210,30XX,"17 Feb, 2021",435.0,93.0,https://store.steampowered.com/app/1029210/30XX/?snr=1_7_7_globaltopsellers_150_2
146,566860,VR Dungeon Knight,"24 Apr, 2017",419.0,83.0,https://store.steampowered.com/app/566860/VR_Dungeon_Knight/?snr=1_7_7_globaltopsellers_150_2
147,607050,Wargroove,"1 Feb, 2019",435.0,85.0,https://store.steampowered.com/app/607050/Wargroove/?snr=1_7_7_globaltopsellers_150_2
148,1273710,King of Crabs,"3 Jul, 2020",0.0,79.0,https://store.steampowered.com/app/1273710/King_of_Crabs/?snr=1_7_7_globaltopsellers_150_2
149,301520,Robocraft,"24 Aug, 2017",0.0,72.0,https://store.steampowered.com/app/301520/Robocraft/?snr=1_7_7_globaltopsellers_150_2
150,1523720,Cook-Out,"20 Apr, 2021",435.0,89.0,https://store.steampowered.com/app/1523720/CookOut/?snr=1_7_7_globaltopsellers_150_2
151,414763,DYNASTY WARRIORS 9 Special Scenario Edition / 真・三國無双８ 追加シナリオエディション,"4 Dec, 2019",930.0,33.0,https://store.steampowered.com/sub/414763/?snr=1_7_7_globaltopsellers_150_2
152,502370,"Warhammer 40,000: Sanctus Reach","19 Jan, 2017",499.0,86.0,https://store.steampowered.com/app/502370/Warhammer_40000_Sanctus_Reach/?snr=1_7_7_globaltopsellers_150_2
153,381990,Dragon Saga,"22 Dec, 2015",0.0,67.0,https://store.steampowered.com/app/381990/Dragon_Saga/?snr=1_7_7_globaltopsellers_150_2
154,323220,Vagante,"21 Feb, 2018",349.0,90.0,https://store.steampowered.com/app/323220/Vagante/?snr=1_7_7_globaltopsellers_150_2
155,840390,Spacebase Startopia,"26 Mar, 2021",1399.0,62.0,https://store.steampowered.com/app/840390/Spacebase_Startopia/?snr=1_7_7_globaltopsellers_150_2
156,1263070,Blightbound,"29 Jul, 2020",465.0,72.0,https://store.steampowered.com/app/1263070/Blightbound/?snr=1_7_7_globaltopsellers_150_2
157,696220,Folklore Hunter,"24 Feb, 2020",289.0,79.0,https://store.steampowered.com/app/696220/Folklore_Hunter/?snr=1_7_7_globaltopsellers_150_2
158,400080,Out of Space,"26 Feb, 2020",360.0,81.0,https://store.steampowered.com/app/400080/Out_of_Space/?snr=1_7_7_globaltopsellers_150_2
159,750050,Diesel Brothers: Truck Building Simulator,"10 May, 2019",435.0,62.0,https://store.steampowered.com/app/750050/Diesel_Brothers_Truck_Building_Simulator/?snr=1_7_7_globaltopsellers_150_2
160,1183470,Imperiums: Greek Wars,"30 Jul, 2020",599.0,85.0,https://store.steampowered.com/app/1183470/Imperiums_Greek_Wars/?snr=1_7_7_globaltopsellers_150_2
161,1100260,Circle Empires Rivals,"15 Apr, 2020",499.0,89.0,https://store.steampowered.com/app/1100260/Circle_Empires_Rivals/?snr=1_7_7_globaltopsellers_150_2
162,528550,Drunkn Bar Fight,"28 Nov, 2016",309.0,74.0,https://store.steampowered.com/app/528550/Drunkn_Bar_Fight/?snr=1_7_7_globaltopsellers_150_2
163,722060,Dominions 5 - Warriors of the Faith,"27 Nov, 2017",725.0,95.0,https://store.steampowered.com/app/722060/Dominions_5__Warriors_of_the_Faith/?snr=1_7_7_globaltopsellers_150_2
164,1015140,10 Miles To Safety,"21 Oct, 2020",249.0,77.0,https://store.steampowered.com/app/1015140/10_Miles_To_Safety/?snr=1_7_7_globaltopsellers_150_2
165,574180,Remnants,"5 Mar, 2021",372.0,77.0,https://store.steampowered.com/app/574180/Remnants/?snr=1_7_7_globaltopsellers_150_2
166,253430,CastleMiner Z,"3 Feb, 2014",99.0,78.0,https://store.steampowered.com/app/253430/CastleMiner_Z/?snr=1_7_7_globaltopsellers_150_2
167,541300,Survive the Nights,"21 Dec, 2017",435.0,67.0,https://store.steampowered.com/app/541300/Survive_the_Nights/?snr=1_7_7_globaltopsellers_150_2
168,1266690,Dark Deception: Monsters & Mortals,"2 Nov, 2020",259.0,86.0,https://store.steampowered.com/app/1266690/Dark_Deception_Monsters__Mortals/?snr=1_7_7_globaltopsellers_150_2
169,414762,DYNASTY WARRIORS 9 Special Weapon Edition / 真・三國無双８ 追加武器エディション,"4 Dec, 2019",825.0,33.0,https://store.steampowered.com/sub/414762/?snr=1_7_7_globaltopsellers_150_2
170,782670,Battle Tanks: Legends of World War II,"21 Feb, 2019",0.0,64.0,https://store.steampowered.com/app/782670/Battle_Tanks_Legends_of_World_War_II/?snr=1_7_7_globaltopsellers_150_2
171,552080,IronWolf VR,"13 Mar, 2017",419.0,96.0,https://store.steampowered.com/app/552080/IronWolf_VR/?snr=1_7_7_globaltopsellers_150_2
172,755800,Hades' Star,"27 Feb, 2019",0.0,80.0,https://store.steampowered.com/app/755800/Hades_Star/?snr=1_7_7_globaltopsellers_150_2
173,1042800,"Warhammer 40,000: Inquisitor - Prophecy","30 Jul, 2019",749.0,79.0,https://store.steampowered.com/app/1042800/Warhammer_40000_Inquisitor__Prophecy/?snr=1_7_7_globaltopsellers_150_2
174,505740,Eximius: Seize the Frontline,"16 Mar, 2021",515.0,75.0,https://store.steampowered.com/app/505740/Eximius_Seize_the_Frontline/?snr=1_7_7_globaltopsellers_150_2
175,1509230,Prop Hunt,"26 Mar, 2021",259.0,42.0,https://store.steampowered.com/app/1509230/Prop_Hunt/?snr=1_7_7_globaltopsellers_150_2
176,895200,SWORDS of GARGANTUA,"6 Jun, 2019",465.0,70.0,https://store.steampowered.com/app/895200/SWORDS_of_GARGANTUA/?snr=1_7_7_globaltopsellers_150_2
177,1420770,Winter Resort Simulator Season 2,"26 Nov, 2020",973.0,81.0,https://store.steampowered.com/app/1420770/Winter_Resort_Simulator_Season_2/?snr=1_7_7_globaltopsellers_150_2
178,1529110,Bloody Raid,"20 May, 2021",899.0,82.0,https://store.steampowered.com/app/1529110/Bloody_Raid/?snr=1_7_7_globaltopsellers_150_2
179,99910,Puzzle Pirates,"31 Aug, 2011",0.0,80.0,https://store.steampowered.com/app/99910/Puzzle_Pirates/?snr=1_7_7_globaltopsellers_150_2
180,562500,Warstone TD,"23 May, 2018",419.0,85.0,https://store.steampowered.com/app/562500/Warstone_TD/?snr=1_7_7_globaltopsellers_150_2
181,579840,Bloody Trapland 2: Curiosity,"1 Feb, 2019",259.0,84.0,https://store.steampowered.com/app/579840/Bloody_Trapland_2_Curiosity/?snr=1_7_7_globaltopsellers_150_2
182,408900,Unfortunate Spacemen,"12 Jun, 2020",0.0,87.0,https://store.steampowered.com/app/408900/Unfortunate_Spacemen/?snr=1_7_7_globaltopsellers_150_2
183,324510,Boundless,"11 Sep, 2018",1320.0,76.0,https://store.steampowered.com/app/324510/Boundless/?snr=1_7_7_globaltopsellers_150_2
184,402560,Tabletopia,"30 Nov, 2016",0.0,64.0,https://store.steampowered.com/app/402560/Tabletopia/?snr=1_7_7_globaltopsellers_150_2
185,1048100,Peekaboo,"7 Aug, 2019",149.0,79.0,https://store.steampowered.com/app/1048100/Peekaboo/?snr=1_7_7_globaltopsellers_150_2
186,606230,Thea 2: The Shattering,"13 May, 2019",830.0,81.0,https://store.steampowered.com/app/606230/Thea_2_The_Shattering/?snr=1_7_7_globaltopsellers_150_2
187,695290,The Golf Club™ 2019 featuring PGA TOUR,"28 Aug, 2018",3199.0,73.0,https://store.steampowered.com/app/695290/The_Golf_Club_2019_featuring_PGA_TOUR/?snr=1_7_7_globaltopsellers_150_2
188,346470,Tennis Elbow 2013,"13 Mar, 2015",465.0,93.0,https://store.steampowered.com/app/346470/Tennis_Elbow_2013/?snr=1_7_7_globaltopsellers_150_2
189,850450,Escape First,"10 May, 2018",154.0,64.0,https://store.steampowered.com/app/850450/Escape_First/?snr=1_7_7_globaltopsellers_150_2
190,511440,Last Year: The Nightmare,"26 Oct, 2020",259.0,71.0,https://store.steampowered.com/app/511440/Last_Year_The_Nightmare/?snr=1_7_7_globaltopsellers_150_2
191,1132210,Kingdom Under Fire 2,"18 Nov, 2019",750.0,72.0,https://store.steampowered.com/app/1132210/Kingdom_Under_Fire_2/?snr=1_7_7_globaltopsellers_150_2
192,555880,Sairento VR,"6 Feb, 2018",499.0,88.0,https://store.steampowered.com/app/555880/Sairento_VR/?snr=1_7_7_globaltopsellers_150_2
193,487000,Quest Hunter,"8 Mar, 2019",435.0,83.0,https://store.steampowered.com/app/487000/Quest_Hunter/?snr=1_7_7_globaltopsellers_150_2
194,726590,NBA 2K Playgrounds 2,"15 Oct, 2018",1499.0,78.0,https://store.steampowered.com/app/726590/NBA_2K_Playgrounds_2/?snr=1_7_7_globaltopsellers_150_2
195,810040,Swords 'n Magic and Stuff,"8 Sep, 2020",435.0,92.0,https://store.steampowered.com/app/810040/Swords_n_Magic_and_Stuff/?snr=1_7_7_globaltopsellers_150_3
196,658970,CasinoRPG,"16 Jan, 2018",0.0,61.0,https://store.steampowered.com/app/658970/CasinoRPG/?snr=1_7_7_globaltopsellers_150_3
197,1134700,Wild Terra 2: New Lands,"28 Jan, 2021",699.0,56.0,https://store.steampowered.com/app/1134700/Wild_Terra_2_New_Lands/?snr=1_7_7_globaltopsellers_150_3
198,915320,Pixel Strike 3D,"29 May, 2020",0.0,72.0,https://store.steampowered.com/app/915320/Pixel_Strike_3D/?snr=1_7_7_globaltopsellers_150_3
199,420290,Blackwake,"19 Feb, 2020",259.0,83.0,https://store.steampowered.com/app/420290/Blackwake/?snr=1_7_7_globaltopsellers_150_3
200,1597400,LOST EGG 2: Be together,"29 Apr, 2021",82.0,87.0,https://store.steampowered.com/app/1597400/LOST_EGG_2_Be_together/?snr=1_7_7_globaltopsellers_150_3
201,587220,Jet Island,"21 Sep, 2018",419.0,96.0,https://store.steampowered.com/app/587220/Jet_Island/?snr=1_7_7_globaltopsellers_150_3
202,835860,Dreadnought,"14 Oct, 2018",0.0,64.0,https://store.steampowered.com/app/835860/Dreadnought/?snr=1_7_7_globaltopsellers_150_3
203,507490,Ashes of the Singularity: Escalation,"10 Nov, 2016",515.0,78.0,https://store.steampowered.com/app/507490/Ashes_of_the_Singularity_Escalation/?snr=1_7_7_globaltopsellers_150_3
204,238430,Contagion,"25 Oct, 2013",249.0,74.0,https://store.steampowered.com/app/238430/Contagion/?snr=1_7_7_globaltopsellers_150_3
205,1070710,Kind Words (lo fi chill beats to write to),"12 Sep, 2019",133.0,98.0,https://store.steampowered.com/app/1070710/Kind_Words_lo_fi_chill_beats_to_write_to/?snr=1_7_7_globaltopsellers_150_3
206,1048660,Knight Squad 2,"14 Apr, 2021",360.0,95.0,https://store.steampowered.com/app/1048660/Knight_Squad_2/?snr=1_7_7_globaltopsellers_150_3
207,544390,NITE Team 4 - Military Hacking Division,"26 Feb, 2019",619.0,91.0,https://store.steampowered.com/app/544390/NITE_Team_4__Military_Hacking_Division/?snr=1_7_7_globaltopsellers_150_3
208,1268100,War Islands: A Co-op Adventure,"29 Jun, 2020",435.0,70.0,https://store.steampowered.com/app/1268100/War_Islands_A_Coop_Adventure/?snr=1_7_7_globaltopsellers_150_3
209,469600,Legion TD 2 - Multiplayer Tower Defense,"20 Nov, 2017",435.0,78.0,https://store.steampowered.com/app/469600/Legion_TD_2__Multiplayer_Tower_Defense/?snr=1_7_7_globaltopsellers_150_3
210,1066130,Truck Life,"6 Aug, 2020",635.0,66.0,https://store.steampowered.com/app/1066130/Truck_Life/?snr=1_7_7_globaltopsellers_150_3
211,497850,8-Bit Hordes,"12 Aug, 2016",349.0,82.0,https://store.steampowered.com/app/497850/8Bit_Hordes/?snr=1_7_7_globaltopsellers_150_3
212,1486750,传奇世界之仗剑天涯H5,"15 Dec, 2020",0.0,51.0,https://store.steampowered.com/app/1486750/H5/?snr=1_7_7_globaltopsellers_150_3
213,605230,Grey Hack,"14 Dec, 2017",360.0,88.0,https://store.steampowered.com/app/605230/Grey_Hack/?snr=1_7_7_globaltopsellers_150_3
214,1149440,Dragon Marked For Death,"21 Apr, 2020",2796.0,80.0,https://store.steampowered.com/app/1149440/Dragon_Marked_For_Death/?snr=1_7_7_globaltopsellers_150_3
215,334540,Vox Machinae,"26 Sep, 2018",465.0,91.0,https://store.steampowered.com/app/334540/Vox_Machinae/?snr=1_7_7_globaltopsellers_150_3
216,1342790,GangV | Civil Battle Royale,"16 Apr, 2021",360.0,74.0,https://store.steampowered.com/app/1342790/GangV__Civil_Battle_Royale/?snr=1_7_7_globaltopsellers_150_3
217,539400,Son of a Witch,"16 May, 2018",399.0,85.0,https://store.steampowered.com/app/539400/Son_of_a_Witch/?snr=1_7_7_globaltopsellers_150_3
218,556180,Mysterium: A Psychic Clue Game,"12 Jan, 2017",175.0,81.0,https://store.steampowered.com/app/556180/Mysterium_A_Psychic_Clue_Game/?snr=1_7_7_globaltopsellers_150_3
219,405290,Charlie Murder,"12 May, 2017",249.0,93.0,https://store.steampowered.com/app/405290/Charlie_Murder/?snr=1_7_7_globaltopsellers_150_3
220,1213750,Fight Crab,"29 Jul, 2020",435.0,92.0,https://store.steampowered.com/app/1213750/Fight_Crab/?snr=1_7_7_globaltopsellers_150_3
221,618850,Pumpkin Days,"1 Feb, 2021",465.0,84.0,https://store.steampowered.com/app/618850/Pumpkin_Days/?snr=1_7_7_globaltopsellers_150_3
222,1074820,Eudemons Online,"28 Oct, 2020",0.0,55.0,https://store.steampowered.com/app/1074820/Eudemons_Online/?snr=1_7_7_globaltopsellers_150_3
223,397310,Looterkings,"11 Aug, 2017",389.0,78.0,https://store.steampowered.com/app/397310/Looterkings/?snr=1_7_7_globaltopsellers_150_3
224,1072660,Loco Parentis VR,"13 Mar, 2020",366.0,46.0,https://store.steampowered.com/app/1072660/Loco_Parentis_VR/?snr=1_7_7_globaltopsellers_150_3
225,748370,STAND OUT : VR Battle Royale,"17 May, 2019",465.0,72.0,https://store.steampowered.com/app/748370/STAND_OUT__VR_Battle_Royale/?snr=1_7_7_globaltopsellers_150_3
226,665360,Comedy Night,"24 Aug, 2017",129.0,76.0,https://store.steampowered.com/app/665360/Comedy_Night/?snr=1_7_7_globaltopsellers_150_3
227,1158980,Idle Big Devil,"14 May, 2020",0.0,86.0,https://store.steampowered.com/app/1158980/Idle_Big_Devil/?snr=1_7_7_globaltopsellers_150_3
228,939000,Crisis VRigade,"11 Feb, 2020",259.0,78.0,https://store.steampowered.com/app/939000/Crisis_VRigade/?snr=1_7_7_globaltopsellers_150_3
229,455120,Stay Close,"14 Oct, 2016",199.0,63.0,https://store.steampowered.com/app/455120/Stay_Close/?snr=1_7_7_globaltopsellers_150_3
230,372800,RPG MO,"18 Aug, 2015",0.0,79.0,https://store.steampowered.com/app/372800/RPG_MO/?snr=1_7_7_globaltopsellers_150_3
231,878380,Touhou Big Big Battle,"10 Sep, 2018",0.0,80.0,https://store.steampowered.com/app/878380/Touhou_Big_Big_Battle/?snr=1_7_7_globaltopsellers_150_3
232,1045080,Curious Cases,"4 Apr, 2019",175.0,76.0,https://store.steampowered.com/app/1045080/Curious_Cases/?snr=1_7_7_globaltopsellers_150_3
233,1336560,Hashiriya Drifter-Online Drift Racing Multiplayer (DRIFT/DRAG/RACING),"10 Jul, 2020",82.0,74.0,https://store.steampowered.com/app/1336560/Hashiriya_DrifterOnline_Drift_Racing_Multiplayer_DRIFTDRAGRACING/?snr=1_7_7_globaltopsellers_150_3
234,1094060,Escape First 2,"20 Jun, 2019",154.0,58.0,https://store.steampowered.com/app/1094060/Escape_First_2/?snr=1_7_7_globaltopsellers_150_3
235,876650,Aground,"17 Apr, 2020",360.0,95.0,https://store.steampowered.com/app/876650/Aground/?snr=1_7_7_globaltopsellers_150_3
236,503770,Elven Assassin,"10 Sep, 2016",360.0,86.0,https://store.steampowered.com/app/503770/Elven_Assassin/?snr=1_7_7_globaltopsellers_150_3
237,1404090,Trivia Tricks,"27 Oct, 2020",195.0,94.0,https://store.steampowered.com/app/1404090/Trivia_Tricks/?snr=1_7_7_globaltopsellers_150_3
238,992910,The Black Masses,"12 Mar, 2020",435.0,69.0,https://store.steampowered.com/app/992910/The_Black_Masses/?snr=1_7_7_globaltopsellers_150_3
239,690810,Killing Floor: Incursion,"14 Nov, 2017",435.0,59.0,https://store.steampowered.com/app/690810/Killing_Floor_Incursion/?snr=1_7_7_globaltopsellers_150_3
240,984110,SYNTHETIK: Arena,"21 Jan, 2019",0.0,90.0,https://store.steampowered.com/app/984110/SYNTHETIK_Arena/?snr=1_7_7_globaltopsellers_150_3
241,1416260,SpellForce 3: Versus Edition,"3 Nov, 2020",0.0,79.0,https://store.steampowered.com/app/1416260/SpellForce_3_Versus_Edition/?snr=1_7_7_globaltopsellers_150_3
242,711980,Starship EVO,"19 Jun, 2020",435.0,88.0,https://store.steampowered.com/app/711980/Starship_EVO/?snr=1_7_7_globaltopsellers_150_3
243,525510,"Guns, Gore and Cannoli 2","2 Mar, 2018",299.0,93.0,https://store.steampowered.com/app/525510/Guns_Gore_and_Cannoli_2/?snr=1_7_7_globaltopsellers_150_3
244,503350,White Noise 2,"7 Apr, 2017",249.0,80.0,https://store.steampowered.com/app/503350/White_Noise_2/?snr=1_7_7_globaltopsellers_150_3
245,272230,Sub Rosa,"25 Mar, 2021",435.0,81.0,https://store.steampowered.com/app/272230/Sub_Rosa/?snr=1_7_7_globaltopsellers_150_3
246,357310,Oriental Empires,"14 Sep, 2017",499.0,79.0,https://store.steampowered.com/app/357310/Oriental_Empires/?snr=1_7_7_globaltopsellers_150_3
247,363360,Interstellar Rift,"24 Sep, 2020",449.0,71.0,https://store.steampowered.com/app/363360/Interstellar_Rift/?snr=1_7_7_globaltopsellers_150_3
248,587860,Tales of Escape,"15 Mar, 2017",0.0,69.0,https://store.steampowered.com/app/587860/Tales_of_Escape/?snr=1_7_7_globaltopsellers_150_3
249,422810,River City Ransom: Underground,"27 Feb, 2017",419.0,76.0,https://store.steampowered.com/app/422810/River_City_Ransom_Underground/?snr=1_7_7_globaltopsellers_150_3
250,268990,The Dishwasher: Vampire Smile,"12 May, 2017",249.0,95.0,https://store.steampowered.com/app/268990/The_Dishwasher_Vampire_Smile/?snr=1_7_7_globaltopsellers_150_3
251,204300,Awesomenauts - the 2D moba,"1 Aug, 2012",0.0,84.0,https://store.steampowered.com/app/204300/Awesomenauts__the_2D_moba/?snr=1_7_7_globaltopsellers_150_3
252,693800,Loco Parentis / 孤女咒怨,"19 Sep, 2019",366.0,53.0,https://store.steampowered.com/app/693800/Loco_Parentis/?snr=1_7_7_globaltopsellers_150_3
253,1112830,The Watchers,"6 Feb, 2020",205.0,73.0,https://store.steampowered.com/app/1112830/The_Watchers/?snr=1_7_7_globaltopsellers_150_3
254,1261180,Rebirth Online,"3 Aug, 2020",0.0,36.0,https://store.steampowered.com/app/1261180/Rebirth_Online/?snr=1_7_7_globaltopsellers_150_3
255,725480,Slap City,"17 Sep, 2020",435.0,95.0,https://store.steampowered.com/app/725480/Slap_City/?snr=1_7_7_globaltopsellers_150_3
256,663670,Killer Queen Black,"11 Oct, 2019",259.0,93.0,https://store.steampowered.com/app/663670/Killer_Queen_Black/?snr=1_7_7_globaltopsellers_150_3
257,1384320,Grapple Tournament,"5 Nov, 2020",399.0,94.0,https://store.steampowered.com/app/1384320/Grapple_Tournament/?snr=1_7_7_globaltopsellers_150_3
258,379210,Wayward,"22 Apr, 2016",189.0,85.0,https://store.steampowered.com/app/379210/Wayward/?snr=1_7_7_globaltopsellers_150_3
259,1041710,模拟帝国,"14 Apr, 2019",515.0,41.0,https://store.steampowered.com/app/1041710/_/?snr=1_7_7_globaltopsellers_150_3
260,595770,AirMech Wastelands,"6 Jul, 2018",360.0,71.0,https://store.steampowered.com/app/595770/AirMech_Wastelands/?snr=1_7_7_globaltopsellers_150_3
261,486310,Meadow,"26 Oct, 2016",133.0,90.0,https://store.steampowered.com/app/486310/Meadow/?snr=1_7_7_globaltopsellers_150_3
262,1363360,Noch,"19 May, 2021",459.0,84.0,https://store.steampowered.com/app/1363360/Noch/?snr=1_7_7_globaltopsellers_150_3
263,977570,The Experiment: Escape Room,"22 Nov, 2018",102.0,60.0,https://store.steampowered.com/app/977570/The_Experiment_Escape_Room/?snr=1_7_7_globaltopsellers_150_3
264,1499220,Kungfu Cowboy,"25 Mar, 2021",259.0,100.0,https://store.steampowered.com/app/1499220/Kungfu_Cowboy/?snr=1_7_7_globaltopsellers_150_3
265,347950,Palace of Cards,"14 Dec, 2017",0.0,67.0,https://store.steampowered.com/app/347950/Palace_of_Cards/?snr=1_7_7_globaltopsellers_150_3
266,1195460,Last Year,"9 Dec, 2019",259.0,65.0,https://store.steampowered.com/app/1195460/Last_Year/?snr=1_7_7_globaltopsellers_150_3
267,1571190,Royal Revolt II,"19 May, 2021",0.0,64.0,https://store.steampowered.com/app/1571190/Royal_Revolt_II/?snr=1_7_7_globaltopsellers_150_3
268,567670,Serious Sam 3 VR: BFE,"9 Nov, 2017",725.0,86.0,https://store.steampowered.com/app/567670/Serious_Sam_3_VR_BFE/?snr=1_7_7_globaltopsellers_150_3
269,1462790,Fight of Animals: Arena,"16 Dec, 2020",299.0,92.0,https://store.steampowered.com/app/1462790/Fight_of_Animals_Arena/?snr=1_7_7_globaltopsellers_150_3
270,451840,Out of Ammo,"14 Sep, 2016",259.0,84.0,https://store.steampowered.com/app/451840/Out_of_Ammo/?snr=1_7_7_globaltopsellers_150_3
271,839910,Mythgard,"18 Sep, 2020",0.0,87.0,https://store.steampowered.com/app/839910/Mythgard/?snr=1_7_7_globaltopsellers_150_3
272,357330,Space Beast Terror Fright,"6 Apr, 2015",349.0,93.0,https://store.steampowered.com/app/357330/Space_Beast_Terror_Fright/?snr=1_7_7_globaltopsellers_150_3
273,855860,Superfighters Deluxe,"30 Nov, 2018",259.0,91.0,https://store.steampowered.com/app/855860/Superfighters_Deluxe/?snr=1_7_7_globaltopsellers_150_3
274,1039890,EARTH DEFENSE FORCE: IRON RAIN,"15 Oct, 2019",1085.0,58.0,https://store.steampowered.com/app/1039890/EARTH_DEFENSE_FORCE_IRON_RAIN/?snr=1_7_7_globaltopsellers_150_3
275,269170,Sports Bar VR,"1 Jun, 2016",419.0,86.0,https://store.steampowered.com/app/269170/Sports_Bar_VR/?snr=1_7_7_globaltopsellers_150_3
276,691160,Electronauts - VR Music,"7 Aug, 2018",435.0,92.0,https://store.steampowered.com/app/691160/Electronauts__VR_Music/?snr=1_7_7_globaltopsellers_150_3
277,722960,CASE 2: Animatronics Survival,"28 Feb, 2019",199.0,83.0,https://store.steampowered.com/app/722960/CASE_2_Animatronics_Survival/?snr=1_7_7_globaltopsellers_150_3
278,416600,Full Metal Furies,"17 Jan, 2018",419.0,92.0,https://store.steampowered.com/app/416600/Full_Metal_Furies/?snr=1_7_7_globaltopsellers_150_3
279,622770,Hacktag,"14 Feb, 2018",699.0,71.0,https://store.steampowered.com/app/622770/Hacktag/?snr=1_7_7_globaltopsellers_150_3
280,251950,WWII Online,"5 Sep, 2017",0.0,45.0,https://store.steampowered.com/app/251950/WWII_Online/?snr=1_7_7_globaltopsellers_150_3
281,1540560,Operator,"28 May, 2021",30.0,51.0,https://store.steampowered.com/app/1540560/Operator/?snr=1_7_7_globaltopsellers_150_3
282,708720,Gridiron,"23 Jul, 2020",0.0,86.0,https://store.steampowered.com/app/708720/Gridiron/?snr=1_7_7_globaltopsellers_150_3
283,489380,QuiVr,"18 Jun, 2018",419.0,90.0,https://store.steampowered.com/app/489380/QuiVr/?snr=1_7_7_globaltopsellers_150_3
284,880850,War Rock,"6 Feb, 2019",0.0,55.0,https://store.steampowered.com/app/880850/War_Rock/?snr=1_7_7_globaltopsellers_150_3
285,885150,Capcom Beat 'Em Up Bundle,"10 Oct, 2018",699.0,86.0,https://store.steampowered.com/app/885150/Capcom_Beat_Em_Up_Bundle/?snr=1_7_7_globaltopsellers_150_3
286,512220,Trickster VR: Co-op Dungeon Crawler,"15 Jan, 2019",289.0,87.0,https://store.steampowered.com/app/512220/Trickster_VR_Coop_Dungeon_Crawler/?snr=1_7_7_globaltopsellers_150_3
287,1166990,Kukoro: Stream chat games,"6 Nov, 2020",82.0,98.0,https://store.steampowered.com/app/1166990/Kukoro_Stream_chat_games/?snr=1_7_7_globaltopsellers_150_3
288,1258460,Escape First 3,"21 Mar, 2020",175.0,62.0,https://store.steampowered.com/app/1258460/Escape_First_3/?snr=1_7_7_globaltopsellers_150_3
289,552450,Serious Sam VR: The First Encounter,"30 Mar, 2017",699.0,86.0,https://store.steampowered.com/app/552450/Serious_Sam_VR_The_First_Encounter/?snr=1_7_7_globaltopsellers_150_3
290,1094870,Acron: Attack of the Squirrels!,"29 Aug, 2019",435.0,92.0,https://store.steampowered.com/app/1094870/Acron_Attack_of_the_Squirrels/?snr=1_7_7_globaltopsellers_150_3
291,1347630,Key To Heaven,"23 Apr, 2021",0.0,73.0,https://store.steampowered.com/app/1347630/Key_To_Heaven/?snr=1_7_7_globaltopsellers_150_3
292,674750,Yet Another Zombie Defense HD,"25 Aug, 2017",149.0,83.0,https://store.steampowered.com/app/674750/Yet_Another_Zombie_Defense_HD/?snr=1_7_7_globaltopsellers_150_3
293,939100,Darksburg,"23 Sep, 2020",435.0,69.0,https://store.steampowered.com/app/939100/Darksburg/?snr=1_7_7_globaltopsellers_150_4
294,856210,bit Dungeon III,"3 May, 2019",259.0,79.0,https://store.steampowered.com/app/856210/bit_Dungeon_III/?snr=1_7_7_globaltopsellers_150_4
295,681390,ZomDay,"27 Mar, 2020",249.0,87.0,https://store.steampowered.com/app/681390/ZomDay/?snr=1_7_7_globaltopsellers_150_4
296,679270,Antaria Online,"4 Oct, 2017",61.0,72.0,https://store.steampowered.com/app/679270/Antaria_Online/?snr=1_7_7_globaltopsellers_150_4
297,698870,Metaverse Keeper / 元能失控,"10 Apr, 2019",360.0,83.0,https://store.steampowered.com/app/698870/Metaverse_Keeper/?snr=1_7_7_globaltopsellers_150_4
298,249990,FORCED: Slightly Better Edition,"24 Oct, 2013",349.0,75.0,https://store.steampowered.com/app/249990/FORCED_Slightly_Better_Edition/?snr=1_7_7_globaltopsellers_150_4
299,1541020,Kakele Online - MMORPG,"15 Apr, 2021",0.0,60.0,https://store.steampowered.com/app/1541020/Kakele_Online__MMORPG/?snr=1_7_7_globaltopsellers_150_4
300,570460,Laser League,"10 May, 2018",349.0,83.0,https://store.steampowered.com/app/570460/Laser_League/?snr=1_7_7_globaltopsellers_150_4
301,516110,ToeJam & Earl: Back in the Groove!,"28 Feb, 2019",360.0,92.0,https://store.steampowered.com/app/516110/ToeJam__Earl_Back_in_the_Groove/?snr=1_7_7_globaltopsellers_150_4
302,538100,Feel The Snow,"12 Dec, 2019",199.0,89.0,https://store.steampowered.com/app/538100/Feel_The_Snow/?snr=1_7_7_globaltopsellers_150_4
303,432980,INVERSUS Deluxe,"16 Aug, 2016",349.0,90.0,https://store.steampowered.com/app/432980/INVERSUS_Deluxe/?snr=1_7_7_globaltopsellers_150_4
304,499660,Medieval Kingdom Wars,"3 Jan, 2019",435.0,78.0,https://store.steampowered.com/app/499660/Medieval_Kingdom_Wars/?snr=1_7_7_globaltopsellers_150_4
305,1222300,Into The Flames,"27 May, 2020",435.0,89.0,https://store.steampowered.com/app/1222300/Into_The_Flames/?snr=1_7_7_globaltopsellers_150_4
306,1393570,Outside In: The Ultimate Friendship Test,"5 Mar, 2021",133.0,97.0,https://store.steampowered.com/app/1393570/Outside_In_The_Ultimate_Friendship_Test/?snr=1_7_7_globaltopsellers_150_4
307,595660,Lux Alliance,"8 Jun, 2017",199.0,71.0,https://store.steampowered.com/app/595660/Lux_Alliance/?snr=1_7_7_globaltopsellers_150_4
308,1241100,POLYGON: Multiplayer Shooter,"6 Mar, 2020",0.0,69.0,https://store.steampowered.com/app/1241100/POLYGON_Multiplayer_Shooter/?snr=1_7_7_globaltopsellers_150_4
309,749800,PixelJunk™ Monsters 2,"25 May, 2018",575.0,63.0,https://store.steampowered.com/app/749800/PixelJunk_Monsters_2/?snr=1_7_7_globaltopsellers_150_4
310,1140130,Survival Vacancy,"19 Feb, 2021",435.0,61.0,https://store.steampowered.com/app/1140130/Survival_Vacancy/?snr=1_7_7_globaltopsellers_150_4
311,115120,Iron Brigade,"13 Aug, 2012",349.0,84.0,https://store.steampowered.com/app/115120/Iron_Brigade/?snr=1_7_7_globaltopsellers_150_4
312,711810,Never Split the Party,"3 May, 2019",0.0,76.0,https://store.steampowered.com/app/711810/Never_Split_the_Party/?snr=1_7_7_globaltopsellers_150_4
313,660920,The Warhorn,"29 Jan, 2019",435.0,57.0,https://store.steampowered.com/app/660920/The_Warhorn/?snr=1_7_7_globaltopsellers_150_4
314,408250,Eagle Flight,"20 Dec, 2016",829.0,60.0,https://store.steampowered.com/app/408250/Eagle_Flight/?snr=1_7_7_globaltopsellers_150_4
315,1068640,Village Feud,"21 Jun, 2019",102.0,69.0,https://store.steampowered.com/app/1068640/Village_Feud/?snr=1_7_7_globaltopsellers_150_4
316,202710,Demigod,"14 Dec, 2011",259.0,73.0,https://store.steampowered.com/app/202710/Demigod/?snr=1_7_7_globaltopsellers_150_4
317,1131720,PROP AND SEEK®,"7 Jan, 2020",0.0,82.0,https://store.steampowered.com/app/1131720/PROP_AND_SEEK/?snr=1_7_7_globaltopsellers_150_4
318,1148480,SPACERIFT: Arcanum System,"17 Dec, 2020",399.0,85.0,https://store.steampowered.com/app/1148480/SPACERIFT_Arcanum_System/?snr=1_7_7_globaltopsellers_150_4
319,1457150,Leafling,"15 Dec, 2020",0.0,74.0,https://store.steampowered.com/app/1457150/Leafling/?snr=1_7_7_globaltopsellers_150_4
320,377140,Hide & Hold Out - H2o,"9 Apr, 2016",389.0,53.0,https://store.steampowered.com/app/377140/Hide__Hold_Out__H2o/?snr=1_7_7_globaltopsellers_150_4
321,667890,Dead Maze,"13 Feb, 2018",0.0,73.0,https://store.steampowered.com/app/667890/Dead_Maze/?snr=1_7_7_globaltopsellers_150_4
322,257750,Bloody Trapland,"18 Nov, 2013",133.0,84.0,https://store.steampowered.com/app/257750/Bloody_Trapland/?snr=1_7_7_globaltopsellers_150_4
323,1185750,Мафия Онлайн: Дикий Запад,"20 Mar, 2021",45.0,91.0,https://store.steampowered.com/app/1185750/_/?snr=1_7_7_globaltopsellers_150_4
324,582500,We Were Here,"3 Feb, 2017",0.0,92.0,https://store.steampowered.com/app/582500/We_Were_Here/?snr=1_7_7_globaltopsellers_150_4
325,1198740,Colony Siege,"7 Sep, 2020",360.0,93.0,https://store.steampowered.com/app/1198740/Colony_Siege/?snr=1_7_7_globaltopsellers_150_4
326,1094710,Royal Crown,"23 Feb, 2021",0.0,68.0,https://store.steampowered.com/app/1094710/Royal_Crown/?snr=1_7_7_globaltopsellers_150_4
327,859340,Seeking Dawn,"12 Jul, 2018",515.0,67.0,https://store.steampowered.com/app/859340/Seeking_Dawn/?snr=1_7_7_globaltopsellers_150_4
328,851800,G2 Fighter / 基因特工,"12 Oct, 2018",372.0,85.0,https://store.steampowered.com/app/851800/G2_Fighter/?snr=1_7_7_globaltopsellers_150_4
329,806770,NoReload Heroes,"27 Apr, 2018",195.0,72.0,https://store.steampowered.com/app/806770/NoReload_Heroes/?snr=1_7_7_globaltopsellers_150_4
330,608800,Guns of Icarus Alliance,"31 Mar, 2017",99.0,81.0,https://store.steampowered.com/app/608800/Guns_of_Icarus_Alliance/?snr=1_7_7_globaltopsellers_150_4
331,453720,Last Will,"29 Aug, 2016",199.0,74.0,https://store.steampowered.com/app/453720/Last_Will/?snr=1_7_7_globaltopsellers_150_4
332,520010,Climbey,"25 Oct, 2016",249.0,92.0,https://store.steampowered.com/app/520010/Climbey/?snr=1_7_7_globaltopsellers_150_4
333,314410,Rampage Knights,"4 Sep, 2015",279.0,93.0,https://store.steampowered.com/app/314410/Rampage_Knights/?snr=1_7_7_globaltopsellers_150_4
334,688470,汉匈决战/Han Xiongnu Wars,"7 Dec, 2017",175.0,63.0,https://store.steampowered.com/app/688470/Han_Xiongnu_Wars/?snr=1_7_7_globaltopsellers_150_4
335,1591670,Mark & Lara: Partners In Justice,"16 Apr, 2021",133.0,88.0,https://store.steampowered.com/app/1591670/Mark__Lara_Partners_In_Justice/?snr=1_7_7_globaltopsellers_150_4
336,329490,Phantom Breaker: Battle Grounds,"23 Jan, 2015",279.0,83.0,https://store.steampowered.com/app/329490/Phantom_Breaker_Battle_Grounds/?snr=1_7_7_globaltopsellers_150_4
337,240320,Panzar,"25 Nov, 2013",0.0,65.0,https://store.steampowered.com/app/240320/Panzar/?snr=1_7_7_globaltopsellers_150_4
338,677480,Outpost Zero,"25 Jul, 2019",435.0,56.0,https://store.steampowered.com/app/677480/Outpost_Zero/?snr=1_7_7_globaltopsellers_150_4
339,435490,Pierhead Arcade,"21 Sep, 2016",259.0,90.0,https://store.steampowered.com/app/435490/Pierhead_Arcade/?snr=1_7_7_globaltopsellers_150_4
340,676510,Industrial Petting,"17 Mar, 2020",435.0,95.0,https://store.steampowered.com/app/676510/Industrial_Petting/?snr=1_7_7_globaltopsellers_150_4
341,857680,Catan VR,"13 Jun, 2018",360.0,72.0,https://store.steampowered.com/app/857680/Catan_VR/?snr=1_7_7_globaltopsellers_150_4
342,436180,Spacelords,"22 Sep, 2017",0.0,51.0,https://store.steampowered.com/app/436180/Spacelords/?snr=1_7_7_globaltopsellers_150_4
343,274900,Murder Miners,"25 Jul, 2014",82.0,86.0,https://store.steampowered.com/app/274900/Murder_Miners/?snr=1_7_7_globaltopsellers_150_4
344,1482620,Slappyball,"21 May, 2021",0.0,91.0,https://store.steampowered.com/app/1482620/Slappyball/?snr=1_7_7_globaltopsellers_150_4
345,551700,Gunheart,"4 Jun, 2018",360.0,77.0,https://store.steampowered.com/app/551700/Gunheart/?snr=1_7_7_globaltopsellers_150_4
346,1023550,Rogue Star Rescue,"4 Feb, 2021",360.0,95.0,https://store.steampowered.com/app/1023550/Rogue_Star_Rescue/?snr=1_7_7_globaltopsellers_150_4
347,758410,AO International Tennis,"7 May, 2018",465.0,71.0,https://store.steampowered.com/app/758410/AO_International_Tennis/?snr=1_7_7_globaltopsellers_150_4
348,931650,Braveland Heroes,"16 Sep, 2019",0.0,54.0,https://store.steampowered.com/app/931650/Braveland_Heroes/?snr=1_7_7_globaltopsellers_150_4
349,509250,TO THE TOP,"18 May, 2017",435.0,87.0,https://store.steampowered.com/app/509250/TO_THE_TOP/?snr=1_7_7_globaltopsellers_150_4
350,263720,Brawlout,"20 Aug, 2018",419.0,72.0,https://store.steampowered.com/app/263720/Brawlout/?snr=1_7_7_globaltopsellers_150_4
351,1543270,Clash of Irons,"19 Mar, 2021",0.0,72.0,https://store.steampowered.com/app/1543270/Clash_of_Irons/?snr=1_7_7_globaltopsellers_150_4
352,1407620,Last Hope on Earth,"1 Nov, 2020",289.0,40.0,https://store.steampowered.com/app/1407620/Last_Hope_on_Earth/?snr=1_7_7_globaltopsellers_150_4
353,1226990,Mechanica,"28 Feb, 2020",435.0,90.0,https://store.steampowered.com/app/1226990/Mechanica/?snr=1_7_7_globaltopsellers_150_4
354,865980,BOSSGARD,"21 May, 2020",435.0,73.0,https://store.steampowered.com/app/865980/BOSSGARD/?snr=1_7_7_globaltopsellers_150_4
355,885570,Nova-Life,"22 Apr, 2019",259.0,74.0,https://store.steampowered.com/app/885570/NovaLife/?snr=1_7_7_globaltopsellers_150_4
356,1096610,Incident Commander,"16 Jul, 2020",435.0,67.0,https://store.steampowered.com/app/1096610/Incident_Commander/?snr=1_7_7_globaltopsellers_150_4
357,1131080,Deadswitch 3,"7 May, 2021",0.0,71.0,https://store.steampowered.com/app/1131080/Deadswitch_3/?snr=1_7_7_globaltopsellers_150_4
358,1011610,Radio General,"9 Apr, 2020",435.0,86.0,https://store.steampowered.com/app/1011610/Radio_General/?snr=1_7_7_globaltopsellers_150_4
359,342640,Pixel Privateers,"21 Feb, 2017",349.0,71.0,https://store.steampowered.com/app/342640/Pixel_Privateers/?snr=1_7_7_globaltopsellers_150_4
360,1506760,A House of Thieves,"21 Jan, 2021",299.0,82.0,https://store.steampowered.com/app/1506760/A_House_of_Thieves/?snr=1_7_7_globaltopsellers_150_4
361,644290,MEMORIES OF MARS,"12 Mar, 2020",435.0,63.0,https://store.steampowered.com/app/644290/MEMORIES_OF_MARS/?snr=1_7_7_globaltopsellers_150_4
362,466980,Can't Drive This,"18 Mar, 2021",1429.0,80.0,https://store.steampowered.com/app/466980/Cant_Drive_This/?snr=1_7_7_globaltopsellers_150_4
363,684580,Shoppe Keep 2 - Online co-op open world first person resource management RPG,"25 Apr, 2019",259.0,62.0,https://store.steampowered.com/app/684580/Shoppe_Keep_2__Online_coop_open_world_first_person_resource_management_RPG/?snr=1_7_7_globaltopsellers_150_4
364,823940,Virtual Battlegrounds,"15 Apr, 2020",435.0,71.0,https://store.steampowered.com/app/823940/Virtual_Battlegrounds/?snr=1_7_7_globaltopsellers_150_4
365,418520,SculptrVR,"4 Apr, 2016",435.0,96.0,https://store.steampowered.com/app/418520/SculptrVR/?snr=1_7_7_globaltopsellers_150_4
366,1329790,Override 2: Super Mech League,"22 Dec, 2020",1299.0,61.0,https://store.steampowered.com/app/1329790/Override_2_Super_Mech_League/?snr=1_7_7_globaltopsellers_150_4
367,838410,Tabletop Playground,"15 May, 2020",360.0,87.0,https://store.steampowered.com/app/838410/Tabletop_Playground/?snr=1_7_7_globaltopsellers_150_4
368,937530,Dungeon Crowley,"11 Oct, 2018",630.0,76.0,https://store.steampowered.com/app/937530/Dungeon_Crowley/?snr=1_7_7_globaltopsellers_150_4
369,657730,Wolflord - Werewolf Online,"31 Aug, 2019",133.0,82.0,https://store.steampowered.com/app/657730/Wolflord__Werewolf_Online/?snr=1_7_7_globaltopsellers_150_4
370,465780,New Retro Arcade: Neon,"1 Aug, 2016",419.0,80.0,https://store.steampowered.com/app/465780/New_Retro_Arcade_Neon/?snr=1_7_7_globaltopsellers_150_4
371,1524370,Astellia Royal,"10 Mar, 2021",0.0,35.0,https://store.steampowered.com/app/1524370/Astellia_Royal/?snr=1_7_7_globaltopsellers_150_4
372,393800,GearStorm - Armored Survival,"20 Nov, 2019",289.0,78.0,https://store.steampowered.com/app/393800/GearStorm__Armored_Survival/?snr=1_7_7_globaltopsellers_150_4
373,344760,Reign Of Kings,"15 Dec, 2015",259.0,57.0,https://store.steampowered.com/app/344760/Reign_Of_Kings/?snr=1_7_7_globaltopsellers_150_4
374,1303990,Mini Motor Racing X,"23 Jun, 2020",435.0,92.0,https://store.steampowered.com/app/1303990/Mini_Motor_Racing_X/?snr=1_7_7_globaltopsellers_150_4
375,325930,Viking Squad,"4 Oct, 2016",349.0,85.0,https://store.steampowered.com/app/325930/Viking_Squad/?snr=1_7_7_globaltopsellers_150_4
376,682570,SG/ZH: School Girl/Zombie Hunter,"5 Jun, 2018",725.0,66.0,https://store.steampowered.com/app/682570/SGZH_School_GirlZombie_Hunter/?snr=1_7_7_globaltopsellers_150_4
377,529490,Rogue Trooper Redux,"17 Oct, 2017",449.0,76.0,https://store.steampowered.com/app/529490/Rogue_Trooper_Redux/?snr=1_7_7_globaltopsellers_150_4
378,673260,Starblast,"8 Nov, 2017",249.0,79.0,https://store.steampowered.com/app/673260/Starblast/?snr=1_7_7_globaltopsellers_150_4
379,1092630,Rogue Glitch,"10 Mar, 2021",0.0,95.0,https://store.steampowered.com/app/1092630/Rogue_Glitch/?snr=1_7_7_globaltopsellers_150_4
380,1142100,WWE 2K BATTLEGROUNDS,"17 Sep, 2020",1999.0,69.0,https://store.steampowered.com/app/1142100/WWE_2K_BATTLEGROUNDS/?snr=1_7_7_globaltopsellers_150_4
381,898590,Margonem,"20 Feb, 2019",0.0,56.0,https://store.steampowered.com/app/898590/Margonem/?snr=1_7_7_globaltopsellers_150_4
382,647740,Airmen,"25 Jul, 2017",349.0,85.0,https://store.steampowered.com/app/647740/Airmen/?snr=1_7_7_globaltopsellers_150_4
383,982510,Dungeon Hunter 5,"21 May, 2019",0.0,49.0,https://store.steampowered.com/app/982510/Dungeon_Hunter_5/?snr=1_7_7_globaltopsellers_150_4
384,696140,No Heroes Here,"2 Oct, 2017",349.0,90.0,https://store.steampowered.com/app/696140/No_Heroes_Here/?snr=1_7_7_globaltopsellers_150_4
385,1191330,Inferna,"20 Dec, 2019",0.0,62.0,https://store.steampowered.com/app/1191330/Inferna/?snr=1_7_7_globaltopsellers_150_4
386,675210,CastleMiner Warfare,"17 Aug, 2017",133.0,46.0,https://store.steampowered.com/app/675210/CastleMiner_Warfare/?snr=1_7_7_globaltopsellers_150_4
